ImageSceneContainerName::Image Scene Container Name ;ImageSceneRow::Image Scene Row Index!!I;ImageSceneColumn::Image Scene Column Index!!I;ID::ID!!I;Index::Index!!I;IntensityMean_mCher::Intensity Mean Value of channel 'mCher'!!R;Area::Area!!R;Perimeter::Perimeter!!R;Roundness::Roundness!!R;FeretRatio::Feret Ratio!!R
;;;;;"Gray";"µm²";"µm";;
"C5";3;5;2;1;4189,0727272727;47,185772014879;28,461473490638;0,47318431456369;0,49320789085048
"C5";3;5;3;2;3639,3650793651;54,049157035225;29,228796988882;0,52427521675602;0,56591651784074
"C5";3;5;4;3;4215,0822368421;260,80863077315;61,619979921167;0,72628853651208;0,77747920687529
"C5";3;5;5;4;3760,2789855073;236,78678320194;60,534820623223;0,55871527318344;0,60666935739223
"C5";3;5;6;5;4370,7560521415;460,70471949072;88,903202163432;0,51608322565882;0,53819194488784
"C5";3;5;7;6;4002,7159090909;301,98894089522;78,106141186004;0,40416964855964;0,44109850484558
"C5";3;5;8;7;4103,6049382716;69,491773331003;31,848603283314;0,60666419628341;0,70205914459405
"C5";3;5;9;8;5645,3808139535;295,12555587488;65,867525162516;0,7698701656634;0,83850268971468
"C5";3;5;10;9;3608,1703296703;156,14200921287;52,357565940227;0,41235906680436;0,49059533200462
"C5";3;5;11;10;4227,375;336,30586599695;72,417040898596;0,61618949776152;0,67326622769159
"C5";3;5;12;11;4142,6293103448;99,519082795017;41,560504962798;0,5058520409465;0,59403147218948
"C5";3;5;13;12;3745,0682414698;326,86871159398;70,78930195168;0,66914052544826;0,72980311554391
"C5";3;5;14;13;4189,6420029895;1147,9011446529;163,39746970749;0,47115030339502;0,49890502275393
"C5";3;5;15;14;3623,9015748032;217,91247439599;61,844723770439;0,48561137737042;0,54197076390356
"C5";3;5;16;15;3659,8421052632;65,202157693287;37,63079552115;0,52310619916254;0,65144870796931
"C5";3;5;17;16;3523,5125;137,26770040692;45,040726705902;0,62682630786882;0,69532439881272
"C6";3;6;2;1;4893,7368421053;146,7048548099;45,265470555174;0,83431545075605;0,91921335524026
"C6";3;6;3;2;6220,3184855234;770,41496853384;109,50525677077;0,63067831462441;0,70458270121498
"C6";3;6;4;3;4994,4821428571;336,30586599695;70,564558102408;0,68846104854904;0,74279947791371
"C6";3;6;5;4;4575,0617059891;472,71564327633;86,469579769857;0,60069929862397;0,62452898557013
"C6";3;6;6;5;5091,127744511;429,81948689917;92,701259706237;0,48582874323059;0,60494288966462
"C6";3;6;7;6;5394,236900369;1162,4858378211;130,42514717782;0,72368026749361;0,77827352162557
"C6";3;6;8;7;4756,2302839117;271,96163143121;61,488328022324;0,76163356867831;0,78191735618036
"C7";3;7;2;1;4276,8421052632;48,901618269965;26,608990694449;0,62029686716186;0,64715058297117
"C7";3;7;3;2;4704,8421052632;146,7048548099;45,040726705902;0,78604377846378;0,84119811043627
"C7";3;7;4;3;4633,7256097561;140,69939291709;44,49814705693;0,75386654776643;0,83731779610551
"C7";3;7;5;4;3755,4730077121;333,73209661432;72,641784747868;0,65696515532011;0,73034577505974
"C7";3;7;6;5;5026,1798780488;281,39878583419;61,844723770439;0,85229709373845;0,89443040919316
"C7";3;7;7;6;3731,1736641221;449,55171883266;81,679454879536;0,73721321830017;0,74985558300064
"C7";3;7;8;7;4067,0788043478;315,71571093592;68,487331456948;0,68905069207499;0,7374890924157
"C7";3;7;9;8;3723,3242320819;251,37147637017;60,310076773951;0,75681938320811;0,84960631736532
"C7";3;7;10;9;4288,206864564;1849,6822629832;196,10648843947;0,49046007682088;0,57568345526947
"C7";3;7;11;10;3805,8105263158;326,01078846643;69,797234604164;0,61636592248311;0,68324223211403
"C7";3;7;12;11;3452,6333333333;102,95077530519;41,560504962798;0,52329521477224;0,57642147584731
"C7";3;7;13;12;3853,7689873418;271,10370830367;64,782365864571;0,67854196905114;0,74088570635381
"C7";3;7;14;13;3815,7672413793;199,03816559003;55,519951883631;0,6450221340826;0,69389307620852
"C7";3;7;15;14;4157,2641509434;409,22933183813;79,73388013292;0,66452449473398;0,70095849511398
"C7";3;7;16;15;4735,2134831461;229,06547505405;56,605111181575;0,76400007548843;0,83728311511416
"C7";3;7;17;16;4994,3404255319;161,28954797813;49,737759645794;0,63501227834455;0,68327056704722
"C7";3;7;18;17;4288,5344827586;49,759541397508;26,833734543721;0,71007667688265;0,78446496971613
"C7";3;7;19;18;5574,9781818182;235,92886007439;59,000173626735;0,76457365031343;0,83379427168411
"C7";3;7;20;19;5141,9237668161;191,31685744214;61,395236071895;0,36032227345557;0,39185983279343
"C8";3;8;2;1;3819,956097561;175,87424114637;54,527884536115;0,50010136668126;0,51567867900288
"C8";3;8;3;2;3644,8940397351;129,54639225903;48,203112649307;0,42821475081039;0,50699085077942
"C8";3;8;4;3;4966,6067530696;5030,8612199136;295,03942808209;0,62167298203813;0,6555924976891
"C8";3;8;5;4;4100,8240740741;92,655697774671;37,406051671878;0,70881445007975;0,78851306643249
"C8";3;8;6;5;4248,2815249267;292,55178649225;67,402172159003;0,58677372998166;0,64016723293379
"C8";3;8;7;6;4523,9600694444;494,16372146491;84,52400502324;0,76237948953;0,79400759642655
"C8";3;8;8;7;3988,1294117647;72,923465841176;34,243665728474;0,5578632245998;0,63607069656906
"C8";3;8;9;8;4631,927631579;130,40431538657;43,412987758986;0,77413521392244;0,84890750826606
"C8";3;8;10;9;4021,6304347826;355,1801748029;75,579426842;0,63355979359788;0,69852507648412
"C8";3;8;11;10;4934,4273624824;608,26749742816;92,701259706237;0,81035508478688;0,80895295921459
"C8";3;8;12;11;3726,5140186916;183,59554929426;52,900145589199;0,58731416599274;0,68465848308536
"C8";3;8;13;12;3660,6785714286;120,10923785606;46,893209502091;0,40884223297819;0,46036999490384
"C8";3;8;14;13;4443,278597786;464,99433512844;84,52400502324;0,63427939170037;0,64620250843941
"C9";3;9;2;1;3686,8990825688;93,513620902214;39,483278317338;0,53181511188543;0,59963416205486
"C9";3;9;3;2;4841,1440677966;202,46985810021;54,527884536115;0,67529594687367;0,71109441849498
"C9";3;9;4;3;3719,4583333333;82,360620244152;35,55356887569;0,59630602864424;0,62861745154646
"C9";3;9;5;4;3684,8170731707;140,69939291709;44,273403207658;0,72253100602855;0,76470620353705
"C9";3;9;6;5;3803,3322147651;255,66109200789;68,71207530622;0,52336975481255;0,63064611726402
"C9";3;9;7;6;4308,2450980392;87,508159009411;35,55356887569;0,70206358308656;0,80877135876924
"C9";3;9;8;7;4365,0718954248;131,26223851412;43,730823558686;0,7464927717291;0,80473961514468
"C9";3;9;9;8;3630,0837988827;153,56823983024;50,822918943739;0,55592665024931;0,61210790155919
"C9";3;9;10;9;3655,4084507042;60,912542055571;32,391182932286;0,56500411377974;0,63245780763994
"C9";3;9;11;10;4065,7954545455;264,24032328332;65,324945513543;0,67847423736828;0,74870161218895
"C9";3;9;12;11;3690,3769633508;163,86331736076;48,970436147551;0,74827390501841;0,86291146668774
"C9";3;9;13;12;3647,7709251101;194,74854995232;52,675401739927;0,733570906497;0,81151297880595
"C9";3;9;14;13;3661,2871794872;167,29500987093;48,970436147551;0,77588593089471;0,86834309845712
"C9";3;9;15;14;4496,3764044944;458,13095010809;82,12894257808;0,68965876990015;0,72685719015761
"C9";3;9;16;15;4922,8;167,29500987093;48,970436147551;0,81137831164622;0,91465921680151
"C9";3;9;17;16;4097,7506234414;344,02717414484;70,339814253136;0,63189380800632;0,69652681036059
"C9";3;9;18;17;4540,8916666667;102,95077530519;39,801114117038;0,65294407069669;0,65372080809677
"C9";3;9;19;18;3815,0988467875;520,75933841875;87,143811317672;0,68395684344388;0,70585519603486
"C9";3;9;20;19;3923,2274881517;362,04355982325;78,966556634676;0,53734188791069;0,57595208215446
"C9";3;9;21;20;3861,6075566751;1702,9774081734;222,26599143538;0,4750257157152;0,5760114836891
"C9";3;9;22;21;4044,7259001161;738,67181281474;122,15480054439;0,41371136592783;0,47662389081732
"C9";3;9;23;22;4421,0915750916;468,42602763861;86,825975517972;0,5967770342868;0,59562394186962
"C9";3;9;24;23;4331,5865546219;510,46426088823;88,771550264589;0,60223838323215;0,63600600303978
"C9";3;9;25;24;3778,2196261682;183,59554929426;53,217981388899;0,58478653426163;0,60225454777704
"C9";3;9;26;25;5146,6935483871;319,14740344609;68,169495657247;0,70274399652803;0,7703747476654
"C9";3;9;27;26;4109,355704698;127,83054600394;42,645664260742;0,843191791196;0,93334676617202
"C9";3;9;28;27;3978,904109589;187,88516493197;57,915014328791;0,65611509739782;0,82463510741874
"D9";4;9;2;1;4101,4583333333;82,360620244152;37,94863132085;0,46130487440453;0,49146583545119
"D9";4;9;3;2;4067,9523809524;54,049157035225;27,694149992394;0,68559127423153;0,73960066625276
"D9";4;9;4;3;6490,9626373626;390,35502303218;74,269523694784;0,73801709139426;0,79831148627791
"D9";4;9;5;4;5257,9633027523;93,513620902214;45,583306354875;0,31398964801794;0,38052162585789
"D9";4;9;6;5;5570,4427480916;337,1637891245;70,339814253136;0,73053126024677;0,72597500561022
"D9";4;9;7;6;4705,8948787062;318,28948031855;69,02991110592;0,69877801552718;0,73077082992286
"D9";4;9;8;7;5674,4322033898;404,93971620041;77,114073838488;0,81213318795658;0,88226451533727
"D9";4;9;9;8;5964,5605434141;2904,9277098614;208,30654451455;0,85935781844803;0,9047633030756
"D9";4;9;10;9;4992,7857142857;168,15293299848;50,280339294767;0,67448349508258;0,76050582372629
"D9";4;9;11;10;5578,9417475728;176,73216427391;50,822918943739;0,64762773744323;0,72134266548193
"D9";4;9;12;11;6770,3235294118;845,91220375764;109,82309257047;0,81205886744616;0,81386096321208
"D9";4;9;13;12;4647,1428571429;60,054618928027;29,771376637854;0,61472482830117;0,74744425346402
"D8";4;8;2;1;5059,7062256809;440,97248755723;79,284392434376;0,74032279646686;0,77357384671408
"D8";4;8;3;2;4506,6025531915;1008,0596748633;133,71918502006;0,62206623549817;0,68965025235378
"D8";4;8;4;3;3674,9689440994;138,12562353446;45,265470555174;0,57583909048496;0,63711304568189
"D8";4;8;5;4;4250,5953026197;949,72090219038;134,89743626844;0,51784610148128;0,53435256608827
"D8";4;8;6;5;3781,1456953642;129,54639225903;44,18031125723;0,68424416579625;0,80073873032524
"D8";4;8;7;6;4295;464,1364120009;90,306197261077;0,74712665152846;0,82334799305681
"D8";4;8;8;7;5563,8796747968;527,6227234391;98,35180004523;0,44165061918322;0,45123253473183
"D7";4;7;2;1;4313,3219895288;327,72663472152;70,564558102408;0,7358927405688;0,81672457579372
"D7";4;7;3;2;4143,3539823009;193,89062682477;52,132822090955;0,73977291068179;0,81576768768073
"D7";4;7;4;3;4262,2999340804;1301,4693844831;158,92518061687;0,54259743188949;0,6973427789372
"D7";4;7;5;4;3904,5172413793;49,759541397508;26,833734543721;0,73850019296026;0,84854034971842
"D7";4;7;6;5;4215,0462085308;724,0871196465;114,38847361152;0,63777401848004;0,80393524494301
"D7";4;7;7;6;4225,7020547945;250,51355324263;60,310076773951;0,76657118099908;0,81733907897365
"D7";4;7;8;7;4892,8464730291;206,75947373792;54,210048736415;0,85236927337037;0,93169834290954
"D7";4;7;9;8;4248,7260774288;1174,4967616067;172,02421208903;0,33995538439279;0,40269298038356
"D7";4;7;10;9;3876,68;64,344234565744;31,08127978507;0,70215430815539;0,77174371417628
"D7";4;7;11;10;5875,2808988764;534,48610845944;87,236903268101;0,83594788840216;0,87650477032256
"D7";4;7;12;11;5590,2554927809;1366,6715421764;140,36179270657;0,88774952066716;0,94144464567801
"D7";4;7;13;12;3659,9722222222;123,54093036623;44,49814705693;0,53925706336303;0,58346257726677
"D7";4;7;14;13;4637,3211009174;280,54086270664;66,859592510031;0,63376864900193;0,70491957282731
"D7";4;7;15;14;3922,8095238095;108,09831407045;40,568437615282;0,61475875318867;0,68093352050703
"D7";4;7;16;15;3848,2395833333;82,360620244152;37,181307822606;0,4989056158469;0,57499097733846
"D7";4;7;17;16;4744,9315068493;125,25677662131;46,57537370239;0,50936998823662;0,59062501558443
"D6";4;6;2;1;4470,2421052632;163,00539423322;47,660533000335;0,74435624059423;0,82368821820193
"D6";4;6;3;2;5034,4584103512;464,1364120009;82,12894257808;0,74712665152846;0,80407896449633
"D6";4;6;4;3;3659,4705882353;72,923465841176;33,47634223023;0,5578632245998;0,57436680358123
"D6";4;6;5;4;5073,5092421442;928,27282400179;131,54886642417;0,46093107752982;0,48117671025871
"D6";4;6;6;5;3995,754601227;139,84146978955;46,668465652819;0,61041203855221;0,74978625281787
"D6";4;6;7;6;4984,755;343,1692510173;70,882393902108;0,75339947765734;0,76923245255038
"D6";4;6;8;7;4999,6764705882;816,74281742117;107,97060977429;0,82744532296856;0,88679320926522
"D6";4;6;9;8;3991,200477327;359,46979044062;77,207165788916;0,53349120827878;0,57063608445428
"D6";4;6;10;9;4894,7597402597;132,12016164166;43,412987758986;0,81367691395171;0,89361139007909
"D6";4;6;11;10;4797,4382022472;152,7103167027;46,350629853118;0,7656982544758;0,86311380898835
"D6";4;6;12;11;6671,3913894325;438,3987181746;87,012159418829;0,52051530841751;0,537408888155
"D6";4;6;13;12;4566,4809160305;112,38792970817;40,568437615282;0,75472741083212;0,8428016873882
"D6";4;6;14;13;4606,0261780105;163,86331736076;48,427856498578;0,74827390501841;0,82368821820193
"D6";4;6;15;14;3994,243902439;175,87424114637;51,590242441983;0,58659181825891;0,67042624717561
"D6";4;6;16;15;4034,0958083832;143,27316229972;46,350629853118;0,67076752327727;0,75835063381213
"D5";4;5;2;1;4358,936;428,96156377162;80,05171593262;0,70347411389306;0,79707421371814
"D5";4;5;3;2;4144,3406374502;430,67741002671;82,989358026752;0,60306001810176;0,60756353277167
"D5";4;5;4;3;6102,2699914016;997,7645973328;120,3023177482;0,78898515522132;0,8240369686198
"D5";4;5;5;4;3520,7663043478;157,85785546796;48,65260034785;0,72085025404915;0,75164739872
"D5";4;5;6;5;5186,7495769882;507,03256837806;83,214101876024;0,90442956042596;0,93605709322615
"D5";4;5;7;6;4740,6020455602;1845,3926473455;181,92229766937;0,55431955729634;0,60951088987729
"D5";4;5;8;7;4100,52;42,896156377162;24,756507898261;0,74897182644443;0,86772611120396
"E5";5;5;2;1;4766,1630434783;78,928927733979;34,243665728474;0,63318858722039;0,66169838650295
"E5";5;5;3;2;5782,2851652575;1116,1579889338;126,62708963501;0,88260506185979;0,92331414869179
"E5";5;5;4;3;4722,87;171,58462550865;57,690270479519;0,37448591322222;0,4218328244934
"E5";5;5;5;4;4120,4259259259;138,98354666201;45,808050204146;0,69216946617839;0,75307287388125
"E5";5;5;6;5;4992,6619897959;2017,8351959817;179,62032717464;0,58437518721179;0,67704212140236
"E5";5;5;7;6;3816,6949152542;151,85239357516;48,427856498578;0,66675853772674;0,76923245255038
"E5";5;5;8;7;4752,9317073171;175,87424114637;50,822918943739;0,6575510354593;0,70268515523896
"E5";5;5;9;8;4222,926056338;243,65016822228;60,852656422923;0,65273810843191;0,67794880695308
"E5";5;5;10;9;4925,981981982;95,2294671573;37,181307822606;0,67946992356874;0,69337562461197
"E5";5;5;11;10;3854,53125;192,17478056969;52,675401739927;0,6956847466807;0,74082977888695
"E5";5;5;12;11;3712,09;85,792312754325;41,111017264254;0,40551941221779;0,45219845059838
"E5";5;5;13;12;3929,8388888889;154,42616295779;47,660533000334;0,6780595298916;0,75486357695508
"E6";5;6;2;1;4259,5384615385;156,14200921287;51,140754743439;0,51612638839398;0,56632863970677
"E6";5;6;3;2;4270,5837320574;358,61186731308;72,417040898596;0,66446028936567;0,69582735964134
"E6";5;6;4;3;4898,695;171,58462550865;49,195179996822;0,83218288373972;0,8892973851783
"E6";5;6;5;4;4047,0446428571;96,087390284844;36,863472022906;0,77083828009438;0,8087424723925
"E6";5;6;6;5;5061,7949599084;1497,9337806905;148,98853508811;0,71027733239518;0,71172198021519
"E6";5;6;7;6;5997,5737386805;1326,3491551819;167,06387535145;0,48724323540755;0,56639003762197
"E6";5;6;8;7;4013,5294117647;72,923465841176;34,468409577746;0,58501119471449;0,65594675631513
"E6";5;6;9;8;5597,7113821138;211,04908937564;55,837787683331;0,69603761778856;0,79763424579033
"E6";5;6;10;9;5377,1882640587;350,89055916519;71,10713775138;0,76581992678986;0,84796296219795
"E7";5;7;2;1;3732,5428571429;60,054618928027;34,243665728474;0,4284945463947;0,55611731195781
"E7";5;7;3;2;4670,746701847;650,30573067778;97,173548796857;0,71762510366707;0,74968954140307
"E7";5;7;4;3;4537,9591836735;210,1911662481;54,527884536115;0,72042504856795;0,81555366665619
"E7";5;7;5;4;4309,17593361;1033,7973686896;133,62609306963;0,61347121646838;0,67003618924157
"E7";5;7;6;5;4369,5279481936;2517,1464562119;235,68285870724;0,61565489836119;0,72215712192101
"E7";5;7;7;6;4154,6303191489;322,57909595626;71,331881600652;0,58312996470331;0,62659736734415
"E7";5;7;8;7;4304,893111639;361,18563669571;71,874461249624;0,73939311591619;0,77993945180939
"E7";5;7;9;8;4936,3976190476;360,32771356816;72,734876698296;0,74272841248041;0,78262660804401
"E7";5;7;10;9;5847,2003745318;1374,3928503243;150,16678633648;0,7274651539429;0,79317510140535
"E7";5;7;11;10;5749,6116591928;1913,1685744214;170,86193289425;0,74621060983039;0,72951753083945
"E8";5;8;2;1;4204,4364640884;155,28408608533;49,063528097979;0,67781950293221;0,80737538156892
"E8";5;8;3;2;4717,1343669251;332,01625035924;80,05171593262;0,52643615699921;0,64782826620483
"E8";5;8;4;3;4109,1466165414;228,2075519265;65,007109713843;0,49158147274866;0,54427232717563
"E8";5;8;5;4;4147;155,28408608533;48,745692298279;0,57615747812848;0,66467929255928
"E8";5;8;6;5;4583,75;545,63910911751;109,41216482035;0,37266193618741;0,43251032085748
"E8";5;8;7;6;5212,4362745098;175,01631801882;50,055595445495;0,70400719842317;0,7921087211825
"E8";5;8;8;7;3830,6034482759;99,519082795017;37,63079552115;0,79836821866918;0,88226451533727
"E8";5;8;9;8;4590,9236641221;112,38792970817;40,02585796631;0,75472741083212;0,85617365818024
"E8";5;8;10;9;4573,5081967213;156,99993234041;49,288271947251;0,68530922119666;0,78287296649885
"E8";5;8;11;10;4973,8785714286;120,10923785606;41,560504962798;0,84087676001591;0,92275349929397
"E8";5;8;12;11;4702,0454545455;132,12016164166;45,583306354875;0,67156219229104;0,76080095952039
"E8";5;8;13;12;4653,68;128,68846913149;42,10308461177;0,77954002476078;0,85833559608278
"E8";5;8;14;13;4151,8780487805;246,22393760491;65,007109713843;0,52434569568731;0,56030492875959
"E8";5;8;15;14;5962,8940809969;275,39332394138;62,387303419411;0,83410782649403;0,89443040919316
"E8";5;8;16;15;4082,037037037;69,491773331003;42,42092041147;0,55748125613969;0,88226451533727
"E8";5;8;17;16;4698,0626702997;314,85778780837;68,169495657247;0,74766778156252;0,79596346998136
"E8";5;8;18;17;5031,8688711517;1504,7971657109;185,30942746205;0,42868613815873;0,47416321148698
"E8";5;8;19;18;5222,5567375887;241,9343219672;60,759564472495;0,70541443590074;0,80786584510309
"E8";5;8;20;19;6422,5482954546;603,97788179045;92,158680057265;0,89641869452399;0,94871401947198
"E8";5;8;21;20;5239,9157303371;610,84126681079;99,475519291589;0,67402478065783;0,74899771342824
"E8";5;8;22;21;4805,9933774834;129,54639225903;48,427856498578;0,48797007436585;0,56997793860862
"E9";5;9;2;1;4956,8368794326;120,9671609836;42,645664260742;0,5866889330365;0,66483782984234
"E9";5;9;3;2;5440,9654178674;893,09797577252;112,89238656345;0,8273961258728;0,8994537115509
"E9";5;9;4;3;3568,6272727273;94,371544029757;36,863472022906;0,66068888286964;0,68682658601514
"E9";5;9;5;4;3816,1687657431;340,59548163467;77,114073838488;0,46979624146526;0,51736935415765
"E9";5;9;6;5;4278,8675324675;330,30040410415;70,021978453436;0,83654036012685;0,90553391670677
"E9";5;9;7;6;3687,3497536946;174,15839489128;51,047662793011;0,68567815161672;0,75723311568833
"E9";5;9;8;7;4512,7399103139;191,31685744214;53,442725238171;0,73568015725251;0,81443609519706
"E9";5;9;9;8;4406,1335740072;475,28941265896;82,44677837778;0,81551519547334;0,85005317891321
"E9";5;9;10;9;3466,5492957747;60,912542055571;29,771376637854;0,69538653683946;0,78935327441303
"F9";6;9;2;1;5779,6502994012;716,36581149861;103,27357683439;0,68866920549983;0,71263158329742
"F9";6;9;3;2;3922,8832116788;235,07093694685;62,387303419411;0,51842857459869;0,56918476870266
"F9";6;9;4;3;5447,6350877193;244,50809134983;58,457593977763;0,83804546466068;0,9130822528474
"F9";6;9;5;4;5469,8171275647;961,73182597598;116,37260830655;0,89892037896326;0,92854824085148
"F9";6;9;6;5;5007,4677516576;1423,2944685943;143,74892249925;0,85111713355466;0,87933993553747
"F9";6;9;7;6;4843,3115015974;537,05987784207;86,919067468401;0,7664029190879;0,80623137903065
"F9";6;9;8;7;4766,876460768;513,89595339841;86,825975517972;0,65470594054541;0,68368115995795
"F9";6;9;9;8;4392,6325581395;184,4534724218;56,380367332303;0,55867035107856;0,58728224995137
"F9";6;9;10;9;4935,3551912568;156,99993234041;47,660533000335;0,78720663241051;0,86433698123768
"F9";6;9;11;10;4036,1388888889;277,96709332401;67,626916008275;0,60666419628341;0,64283604201904
"F9";6;9;12;11;5365,9035532995;169,01085612602;48,745692298279;0,81970014048362;0,85749301575142
"F9";6;9;13;12;4120,828358209;574,80849545398;101,10325823851;0,54965935364981;0,61026472880506
"F9";6;9;14;13;5296,9814323607;323,4370190838;69,704142653735;0,78433236792468;0,85749301575142
"F9";6;9;15;14;5364,6226415094;227,34962879896;57,690270479519;0,70007916297793;0,77436283454379
"F8";6;8;2;1;10839,219642857;480,43695142422;86,469579769857;0,64527298101924;0,66182832212895
"F8";6;8;3;2;6016,1076923077;111,53000658062;45,265470555174;0,44739345981006;0,52671525043953
"F8";6;8;4;3;9163,2;184,4534724218;51,365498592711;0,77548877201861;0,79837095151437
"F8";6;8;5;4;10285,365671642;229,92339818159;56,380367332303;0,76686149899214;0,80590700762764
"F8";6;8;6;5;7179,1711711712;95,2294671573;39,483278317338;0,60926983574948;0,7878971616345
"F8";6;8;7;6;7324,932038835;88,366082136955;36,863472022906;0,50440575505466;0,58295796594635
"F8";6;8;8;7;6627,3287671233;250,51355324263;63,697206566627;0,53348063812088;0,5927931276535
"F8";6;8;9;8;6230,7401574803;108,95623719799;41,017925313826;0,52843613117472;0,56591651784074
"F8";6;8;10;9;8635,9105882353;364,61732920588;74,044779845512;0,66806259323635;0,70273089737771
"F8";6;8;11;10;9841,4763636364;235,92886007439;58,139758178063;0,75147802299975;0,81895822064151
"F8";6;8;12;11;7968,879661017;506,17464525052;109,5983487212;0,47756653104675;0,5663335006165
"F8";6;8;13;12;8638,651026393;292,55178649225;65,007109713843;0,7923106606146;0,86880981363439
"F8";6;8;14;13;8777,5993377483;259,09278451806;71,874461249624;0,45505145158998;0,53863954361123
"F8";6;8;15;14;7391,5244755245;122,68300723868;41,653596913226;0,7462440065276;0,83226321984916
"F8";6;8;16;15;7892,1897810219;117,53546847343;41,335761113526;0,62975437221952;0,72102695180252
"F8";6;8;17;16;6022,2816901409;60,912542055571;31,848603283314;0,65987163523327;0,82763897048924
"F8";6;8;18;17;7267,2743902439;281,39878583419;67,720007958704;0,5760592447043;0,59110854054455
"F8";6;8;19;18;7526,2773109244;306,27855653294;67,944751807976;0,73680812510794;0,79509605597599
"F8";6;8;20;19;6416,4198250729;294,26763274733;68,936819155491;0,57088296993431;0,60360890401684
"F8";6;8;21;20;9247,648409894;485,58449018948;96,948804947585;0,47262401995653;0,61416940506534
"F8";6;8;22;21;7383,460251046;410,08725496567;79,191300483948;0,60864792042964;0,64848071268954
"F8";6;8;23;22;7137,0881226054;223,91793628879;61,395236071895;0,54928580587689;0,60053995306682
"F8";6;8;24;23;8656,1460674157;152,7103167027;47,117953351362;0,80659246034259;0,8948562539663
"F8";6;8;25;24;8327,9833333333;102,95077530519;39,258534468066;0,65867009270214;0,7063820912592
"F8";6;8;26;25;6131,9558823529;116,67754534588;48,970436147551;0,37811642342773;0,46259538413902
"F8";6;8;27;26;6194,9107142857;144,13108542727;56,062531532603;0,46708499364602;0,6123260960659
"F8";6;8;28;27;6516,2565055762;230,78132130913;59,000173626735;0,6989875555355;0,75611642878563
"F8";6;8;29;28;10233,255813954;368,9069448436;72,192297049324;0,85546397508904;0,86962948550492
"F8";6;8;30;29;6717,8157894737;65,202157693287;42,645664260742;0,35974321764595;0,63786743394741
"F8";6;8;31;30;7085,5528455285;211,04908937564;70,564558102408;0,42327280558754;0,62385522159525
"F8";6;8;32;31;6977,7899159664;102,09285217765;38,173375170122;0,78100851443973;0,86155020537185
"F8";6;8;33;32;6537,5188679245;90,939851519584;37,94863132085;0,64886317025484;0,82040381040898
"F8";6;8;34;33;6418,1129943503;151,85239357516;51,272406642282;0,52047034121032;0,57361876073893
"F8";6;8;35;34;6620,1956521739;78,928927733979;35,778312724962;0,55257615658188;0,67689913298192
"F8";6;8;36;35;9389,1353846154;557,65003290311;96,406225298613;0,64564207408419;0,78763739184745
"F8";6;8;37;36;6252,9759036145;142,41523917218;47,885276849606;0,57286860263846;0,65765401267647
"F8";6;8;38;37;7649,8068965517;248,79770698754;81,81110677838;0,35440726710323;0,5416804385551
"F8";6;8;39;38;6501,7464114833;179,30593365654;53,760561037871;0,6490987145369;0,69144112696115
"F8";6;8;40;39;6001,2631578947;48,901618269965;30,538700136098;0,35405384429286;0,4383934933953
"F8";6;8;41;40;7810,1062322946;605,69372804553;125,54193033707;0,49801306771144;0,69963746221017
"F8";6;8;42;41;6172,0921052632;65,202157693287;31,848603283314;0,47904168986015;0,54727106528332
"F8";6;8;43;42;7753,4848484849;141,55731604464;47,660533000334;0,56780498310524;0,70539759762532
"F8";6;8;44;43;7401,9915433404;405,79763932796;90,306197261077;0,43140606512585;0,5082813772072
"F8";6;8;45;44;6705,8723404255;80,644773989065;34,786245377446;0,58387826953559;0,62861491242707
"F8";6;8;46;45;7882,4773185484;1702,1194850458;285,55227025188;0,36120534074988;0,50770639393175
"F8";6;8;47;46;6643,1363636364;56,622926417854;29,453540838153;0,64641565396344;0,74420940411902
"F8";6;8;48;47;6242,5363636364;94,371544029757;48,203112649307;0,33667428645298;0,41393633162646
"F8";6;8;49;48;6687,2818181818;94,371544029757;40,793181464554;0,39343043449283;0,47436994195763
"F8";6;8;50;49;6987,2475728155;176,73216427391;52,900145589199;0,63049911826649;0,68071781030021
"F7";6;7;2;1;5440,6312849162;153,56823983024;46,893209502091;0,8228177564036;0,90128368975315
"F7";6;7;3;2;4093,3639053254;289,97801710962;65,007109713843;0,70319453676006;0,76017533352434
"F7";6;7;4;3;4254,1762114537;194,74854995232;53,442725238171;0,80285404587168;0,84897073673976
"F7";6;7;5;4;4381,678700361;475,28941265896;83,756681524996;0,77599150930562;0,7960306404121
"F7";6;7;6;5;4000,2798634812;251,37147637017;63,472462717355;0,58207116217436;0,6242979557985
"F7";6;7;7;6;4774,2787037037;926,55697774671;127,71224893296;0,5465692889838;0,64210072062473
"F7";6;7;8;7;4309,6348122867;251,37147637017;62,387303419411;0,59691188010305;0,64282467145194
"F7";6;7;9;8;4585,2098623853;748,10896721771;106,34287082737;0,70953307436367;0,78447132307781
"F7";6;7;10;9;5440,012195122;70,349696458546;31,08127978507;0,76768871024989;0,85749301575142
"F6";6;6;2;1;7218,7774086379;258,23486139052;61,395236071895;0,72319149581127;0,75831710708035
"F6";6;6;3;2;5611,4756944444;247,08186073246;60,310076773951;0,72042325368586;0,75351426659855
"F6";6;6;4;3;5474,0857142857;450,40964196021;121,48056899658;0,40147827088249;0,49014695296515
"F6";6;6;5;4;5055,0441640379;271,96163143121;62,929883068383;0,7502539473274;0,77605403123648
"F6";6;6;6;5;5190,1855072464;295,98347900242;65,324945513543;0,80160462730802;0,84674237584051
"F6";6;6;7;6;5600,8008130081;422,09817875128;79,509136283648;0,67432051846349;0,71918773554109
"F6";6;6;8;7;5210,8358208955;287,40424772699;64,239786215599;0,68247604039086;0,73540163642263
"F6";6;6;9;8;4681,1586715867;232,49716756422;58,682337827035;0,67789826996135;0,71450997146612
"F6";6;6;10;9;5297,8630136986;125,25677662131;43,730823558686;0,5809197226186;0,67082280689487
"F6";6;6;11;10;5149,6363636364;320,86324970117;69,254654955192;0,6568466050332;0,72183449255322
"F6";6;6;12;11;6048,5697674419;73,781388968719;33,15850643053;0,6441126034614;0,72047726944458
"F6";6;6;13;12;5138,9482758621;99,519082795017;38,715954819094;0,61289949362596;0,64418495459383
"F6";6;6;14;13;6276,3618489134;2487,1191467479;271,68591528147;0,33382943713583;0,40842603607097
"F6";6;6;15;14;5482,3142144638;344,02717414484;72,099205098896;0,63189380800632;0,67165085284771
"F6";6;6;16;15;5752,6444444444;386,06540739446;74,269523694784;0,74897182644443;0,81810002325993
"F6";6;6;17;16;4402,1733333333;64,344234565744;32,933762581258;0,53052029462886;0,6292819637492
"F6";6;6;18;17;5783,595323741;477,00525891405;91,709192358721;0,66787139435623;0,79417295268501
"F6";6;6;19;18;5018,8839285714;96,087390284844;44,722890906202;0,52427521675602;0,71432810623919
"F6";6;6;20;19;6441,6042216359;325,15286533889;68,487331456948;0,72459335442279;0,79771468648681
"F6";6;6;21;20;5314,5454545455;56,622926417854;27,918893841666;0,79282665944357;0,87418752564691
"F6";6;6;22;21;5137,1223958333;329,44248097661;70,246722302707;0,64852087311806;0,68345472592233
"F6";6;6;23;22;4398,2837837838;63,4863114382;32,391182932286;0,58887752703804;0,71151503359493
"F5";6;5;2;1;3712,8405797102;59,196695800484;34,018921879202;0,3754428406506;0,39223248485806
"F5";6;5;3;2;4311,1420911528;320,00532657363;70,78930195168;0,61439747983249;0,65796962198851
"F5";6;5;4;3;4409,4594594595;158,7157785955;50,598175094467;0,54025580786403;0,57469847498899
"F5";6;5;5;4;4540,6024096386;142,41523917218;45,265470555174;0,72389171376826;0,79632897549963
"F5";6;5;6;5;4094,25;140,69939291709;45,583306354875;0,7054747962586;0,75562639566936
"F5";6;5;7;6;5319,7994987469;342,31132788976;69,479398804463;0,86842673685785;0,93553505693203
"F5";6;5;8;7;4304,7131147541;313,99986468083;69,254654955192;0,62467716020318;0,68786922124592
"F5";6;5;9;8;4917,5927439959;3357,9111212043;268,07404163953;0,49424879793037;0,55221574772015
"G5";7;5;2;1;5140,6474576271;253,08732262526;63,022975018812;0,73084219630735;0,83810675436568
"G5";7;5;3;2;6101,0988142293;217,05455126844;55,837787683331;0,78575742316142;0,88899932552141
"G5";7;5;4;3;4253,8224637681;236,78678320194;59,767497124979;0,60178949698808;0,64872315102974
"G5";7;5;5;4;5121,4761904762;144,13108542727;45,040726705902;0,81967833758489;0,8666426624635
"G5";7;5;6;5;5257,5313283208;1026,9339836693;125,31718648779;0,76013602820811;0,77441270605583
"G5";7;5;7;6;4759,3376963351;327,72663472152;70,564558102408;0,6708982666983;0,72970333543858
"G5";7;5;8;7;5229,6600361664;474,43148953142;102,73099718542;0,39535574459089;0,49761755901915
"G5";7;5;9;8;5011,4190938511;530,19649282173;87,143811317672;0,83980805599484;0,88800093882336
"G5";7;5;10;9;5626,3781512605;204,18570435529;54,845720335815;0,66170374099853;0,74766704701781
"G5";7;5;11;10;5884,6403940887;174,15839489128;50,055595445495;0,72605798365495;0,79501227350131
"G5";7;5;12;11;4032,3875968992;110,67208345308;41,560504962798;0,65703415678179;0,71556492434708
"G5";7;5;13;12;4763,5955414013;269,38786204858;65,007109713843;0,62468764692549;0,70947584667684
"G5";7;5;14;13;5409,910373444;2067,5947373792;189,20057695528;0,53873144723166;0,63089037481651
"G5";7;5;15;14;4431,8621553885;342,31132788976;73,726944045812;0,56135128645375;0,61013164524448
"G5";7;5;16;15;5197,5567010309;166,43708674339;48,745692298279;0,77921496716042;0,78632259323811
"G5";7;5;17;16;5524,3780487805;281,39878583419;64,015042366327;0,7662800597512;0,77103534351396
"G5";7;5;18;17;3933,1826923077;89,224005264498;40,568437615282;0,54949609773362;0,68293504530136
"G5";7;5;19;18;5239,0421455939;447,83587257758;81,454711030265;0,7185518900429;0,69049104719068
"G5";7;5;20;19;4186,3037974684;203,32778122775;55,837787683331;0,64763742345797;0,6949090935889
"G5";7;5;21;20;4167,8415300546;156,99993234041;49,288271947251;0,61812145719065;0,61806983990798
"G5";7;5;22;21;5380,9673321234;472,71564327633;82,896266076324;0,75284434667794;0,81072727585371
"G5";7;5;23;22;4903,9349315069;250,51355324263;60,534820623223;0,68343019327124;0,72892280733298
"G5";7;5;24;23;4991,3319919517;426,38779438899;80,05171593262;0,73846656119387;0,75154474847296
"G5";7;5;25;24;6274,3586956522;236,78678320194;57,147690830547;0,85718299144586;0,88899573466434
"G5";7;5;26;25;4170,7828947368;130,40431538657;45,808050204146;0,6047931358769;0,67627421455175
"G5";7;5;27;26;4424,6425702811;213,62285875827;55,295208034359;0,69228668701107;0,75997813108552
"G5";7;5;28;27;6677,8986394558;1261,1469974886;133,49444117079;0,90466778360718;0,94536450324896
"G6";7;6;2;1;6118,7908847185;320,00532657363;68,936819155491;0,80226249696481;0,87187661038773
"G6";7;6;3;2;5332,9069767442;73,781388968719;31,848603283314;0,69749338901459;0,79009406724302
"G6";7;6;4;3;4394,9190938511;265,09824641086;85,609164321185;0,31909285647431;0,41438232979105
"G6";7;6;5;4;4061,0462427746;148,42070106498;46,57537370239;0,74418987654108;0,82201315141747
"G6";7;6;6;5;4532,5481927711;284,83047834436;68,169495657247;0,56742086531475;0,6493235434568
"G6";7;6;7;6;4497,9466666667;257,37693826297;63,472462717355;0,55443449342266;0,59138187713722
"G6";7;6;8;7;4251,4197247706;374,05448360886;77,114073838488;0,64177630324608;0,6731883137466
"G6";7;6;9;8;4212,3726235741;225,63378254387;58,364502027335;0,68339675504028;0,70695836372759
"G6";7;6;10;9;4069,8268156425;153,56823983024;49,513015796523;0,55593114128812;0,61163292225812
"G6";7;6;11;10;4247,5164835165;78,071004606436;33,701086079502;0,71521480599321;0,78567420131839
"G6";7;6;12;11;4379,0230607967;409,22933183813;79,73388013292;0,68244950563293;0,71580033660882
"G6";7;6;13;12;4776,8170974155;431,53533315425;81,361619079836;0,69023136797745;0,74444080465719
"G6";7;6;14;13;4310,307860262;392,92879241481;79,509136283648;0,62577624460707;0,69922408370247
"G6";7;6;15;14;5103,896483079;1292,8901532077;165,88562410308;0,48398854384912;0,53676605621442
"G6";7;6;16;15;3934,8333333333;113,24585283571;50,280339294767;0,44585810026866;0,58189735605162
"G6";7;6;17;16;5091,252631579;81,502697116609;33,701086079502;0,73765460128898;0,82829669246326
"G6";7;6;18;17;4467,3676470588;291,6938633647;66,859592510031;0,59713327730291;0,64674261462272
"G6";7;6;19;18;4362,0264317181;389,49709990463;77,114073838488;0,67457508809259;0,72097960310518
"G6";7;6;20;19;4708,2777777778;401,50802369024;76,889329989216;0,68887915119074;0,73052717114092
"G6";7;6;21;20;4205,0558823529;291,6938633647;66,859592510031;0,69266224994893;0,75997280047004
"G6";7;6;22;21;4324,9704918033;261,66655390069;66,317012861059;0,50309965910766;0,52924166026199
"G6";7;6;23;22;6189,6857142857;270,24578517612;62,387303419411;0,70987283586432;0,79858979650781
"G7";7;7;2;1;4345,7378048781;140,69939291709;46,57537370239;0,75386654776643;0,86052046766698
"G7";7;7;3;2;5745,2811634349;619,42049808622;97,173548796857;0,6506333680472;0,6649082271023
"G7";7;7;4;3;6266,0230769231;223,06001316124;57,915014328791;0,61191234049337;0,72962400900557
"G7";7;7;5;4;5197,8445945946;126,9726228764;42,645664260742;0,64984998856421;0,70591850122044
"G7";7;7;6;5;5975,8676470588;525,04895405647;88,996294113861;0,64675183396126;0,68668006640998
"G7";7;7;7;6;4790,8496732026;131,26223851412;42,645664260742;0,77922820875087;0,82219514993192
"G7";7;7;8;7;4248,3473282443;224,77585941633;59,542753275707;0,60875481841943;0,65279342080991
"G7";7;7;9;8;4983,1677419355;132,9780847692;44,722890906202;0,64712345259628;0,7427690784532
"G7";7;7;10;9;5005,0243902439;105,52454468782;38,173375170122;0,67223124966524;0,74123636649482
"G7";7;7;11;10;6238,9533227848;1084,4148332147;123,01521599306;0,90365076591129;0,9241369205344
"G7";7;7;12;11;5410,0484581498;194,74854995232;55,613043834059;0,60596515721781;0,64103814694746
"G7";7;7;13;12;6320,5620767494;380,05994550166;74,812103343756;0,72504291909742;0,73513410982537
"G7";7;7;14;13;5640,3382352941;291,6938633647;65,007109713843;0,7609181869929;0,83007531311657
"G7";7;7;15;14;5629,5478036176;332,01625035924;68,71207530622;0,81994014298598;0,85664291545075
"G7";7;7;16;15;4790,2394822007;265,09824641086;65,549689362815;0,57106752822534;0,61038745263984
"G7";7;7;17;16;5649,7105263158;97,80323653993;37,181307822606;0,7846592987438;0,80877135876924
"G7";7;7;18;17;5955,6538461539;312,28401842574;66,859592510031;0,75728642420314;0,80845216834391
"G7";7;7;19;18;6502,8609625669;481,29487455176;82,896266076324;0,81819939607971;0,86155020537185
"G8";7;8;2;1;5561,8954183267;861,35482005342;123,23995984233;0,58829022630843;0,62527752076879
"G8";7;8;3;2;7262,5044025157;682,04888639688;98,390359993645;0,84918939137627;0,88067793236578
"G8";7;8;4;3;6227,7795484728;646,01611504007;95,321066000669;0,91847885149021;0,95949723344173
"G8";7;8;5;4;5544,8850726552;649,44780755024;96,088389498913;0,85680423201346;0,89445615543385
"G8";7;8;6;5;4909,1785714286;48,043695142422;26,066411045477;0,61475875318867;0,64998199684762
"G8";7;8;7;6;4622,1158798283;199,89608871758;56,829855030847;0,58746532393252;0,67732276286811
"G8";7;8;8;7;4722,9012345679;69,491773331003;30,538700136098;0,75832665280782;0,8488747767611
"G8";7;8;9;8;4767,4431034483;995,19082795017;143,84201444968;0,44746705595878;0,52153810067058
"G8";7;8;10;9;4978,5274102079;453,84133447038;84,52400502324;0,64648773895728;0,69887422930561
"G8";7;8;11;10;5135,550802139;160,43162485059;50,822918943739;0,66883173863781;0,79077293357834
"G8";7;8;12;11;4411,7115384615;44,612002632249;25,523831396505;0,62465130744039;0,75550924461665
"G9";7;9;2;1;4381,504;107,24039094291;38,715954819094;0,82475353952075;0,8638399286354
"G9";7;9;3;2;3856,0588235294;145,84693168235;46,032794053418;0,70974830284753;0,80167935005601
"G9";7;9;4;3;4721,0095846645;537,05987784207;126,94492543471;0,31972930819904;0,44631835605813
"G9";7;9;5;4;4005,4390243902;140,69939291709;46,893209502091;0,59153562144676;0,6197569523696
"G9";7;9;6;5;5439,4813664596;276,25124706893;63,247718868083;0,83172642113656;0,855777481859
"G9";7;9;7;6;4707,2208588957;279,6829395791;62,929883068383;0,84205842636807;0,90081840195684
"G9";7;9;8;7;5774,5766331658;682,90680952443;99,026031593045;0,8737847819208;0,9379748478031
"G9";7;9;9;8;4241,7175572519;112,38792970817;40,02585796631;0,63915394180727;0,68093352050703
"G9";7;9;10;9;4676,56152513;495,02164459245;84,299261173969;0,7701363341733;0,84181020988221
"G9";7;9;11;10;4403,7908496732;262,52447702823;61,844723770439;0,73106675056808;0,7946189096681
"G9";7;9;12;11;5050,6831955923;311,4260952982;70,564558102408;0,67086573704142;0,76197273167164
"G9";7;9;13;12;4193,3106060606;113,24585283571;40,02585796631;0,72141890207976;0,83389091230668
"G9";7;9;14;13;4832,9338521401;220,48624377862;56,605111181575;0,76993560403599;0,82462121171079
"G9";7;9;15;14;4321,4426605505;374,05448360886;99,793355091289;0,31813170910473;0,43090117711645
"G9";7;9;16;15;3869,5636363636;94,371544029757;47,978368800035;0,45770058605684;0,6405068715605
"G9";7;9;17;16;5153,6058558559;1142,7536058876;162,63014620924;0,50767146574592;0,60459663779107
"G9";7;9;18;17;5305,5147058824;175,01631801882;50,280339294767;0,76846746721048;0,8158942252607
"G9";7;9;19;18;4289,6124401914;179,30593365654;56,698203132003;0,44281005138003;0,44871771761706
"G9";7;9;20;19;5516,3642611684;748,96689034526;122,47263634409;0,42299696527423;0,50516517816673
